Customer ID,Product ID,Original Price,Discounted Price,Age,Income Bracket,Purchase Status
1,B,100,70,21,Medium,0
2,B,120,108,24,Low,0
3,D,200,180,60,Low,0
4,A,200,160,22,High,0
5,D,200,160,31,Low,1
6,C,200,120,36,Low,1
7,C,100,60,58,Medium,1
8,B,200,160,62,Low,1
9,C,120,84,22,Medium,1
10,C,200,160,57,High,1
11,D,120,72,23,High,1
12,C,120,84,52,Low,1
13,D,150,90,44,High,1
14,D,150,105,19,Medium,1
15,D,100,60,36,High,1
16,D,200,180,41,Low,1
17,B,150,90,39,Medium,1
18,D,200,120,35,High,1
19,C,120,72,21,Medium,1
20,D,200,120,61,High,1
21,D,120,84,33,Medium,1
22,C,100,70,41,Low,1
23,B,120,72,40,Low,1
24,A,200,120,40,Medium,1
25,A,120,96,30,Medium,1
26,A,150,90,22,Low,1
27,B,100,60,33,High,1
28,B,200,120,21,Medium,1
29,C,100,60,30,Medium,1
30,A,200,160,30,Low,1
31,C,100,70,63,Medium,1
32,C,200,140,22,High,1
33,D,200,140,19,Medium,1
34,A,150,90,38,Low,1
35,D,100,60,23,Low,1
36,C,100,60,63,Medium,1
37,D,100,90,20,Low,1
38,B,100,60,49,Medium,1
39,A,100,60,27,High,1
40,C,200,160,27,Low,1
41,B,150,120,50,Low,1
42,A,150,120,18,Low,1
43,D,150,90,28,Medium,1
44,D,100,60,20,Low,1
45,A,100,80,56,Low,1
46,C,120,72,62,Low,1
47,C,200,160,47,Medium,1
48,B,100,80,38,Low,1
49,B,120,84,22,High,1
50,B,100,80,19,Low,1
51,C,200,140,60,High,1
52,D,120,84,59,Low,1
53,D,120,72,19,Low,1
54,A,120,84,22,Medium,1
55,D,120,72,37,High,1
56,C,150,90,50,High,1
57,B,100,70,40,Low,1
58,B,100,60,22,High,1
59,B,200,140,18,High,1
60,A,100,70,19,Medium,1
61,D,150,105,52,Low,1
62,C,100,60,62,Medium,1
63,C,200,120,43,Medium,1
64,A,200,140,52,High,1
65,B,120,72,43,Medium,1
66,A,120,108,18,Low,1
67,A,200,120,30,Medium,1
68,A,150,90,57,Medium,1
69,A,100,60,48,High,1
70,B,100,60,60,High,1
71,A,100,60,63,Low,1
72,D,200,160,56,Medium,1
73,C,200,160,47,Low,1
74,D,150,90,31,High,1
75,B,200,120,22,Medium,1
76,D,200,160,32,Medium,1
77,A,200,120,30,Medium,1
78,A,150,105,22,High,1
79,C,150,105,44,High,1
80,B,120,108,20,Low,1
81,D,120,72,48,Low,1
82,B,120,72,26,High,1
83,B,120,72,43,Medium,1
84,D,200,120,49,Low,1
85,B,120,72,24,Medium,1
86,C,120,72,35,Low,1
87,B,100,80,53,Low,1
88,C,120,72,43,Medium,1
89,C,200,120,18,High,1
90,C,100,60,54,Medium,1
91,D,100,80,50,Medium,1
92,C,120,96,53,Medium,1
93,A,100,80,55,Low,1
94,A,200,140,24,Medium,1
95,A,100,60,63,Medium,1
96,A,150,90,50,High,1
97,A,200,120,35,Medium,1
98,D,100,60,50,Low,1
99,D,150,105,28,High,1
100,B,100,70,18,Medium,1
101,D,150,120,51,Medium,1
102,A,200,140,40,Low,1
103,C,150,90,39,Medium,1
104,C,100,70,18,Low,1
105,A,200,140,22,High,1
106,B,100,60,27,Medium,1
107,B,200,160,38,High,1
108,A,150,105,50,High,1
109,C,100,60,49,Medium,1
110,B,100,60,40,Medium,1
111,B,150,105,37,Medium,1
112,B,120,72,30,Medium,1
113,A,100,70,29,High,1
114,A,120,72,58,Medium,1
115,C,120,72,26,Low,1
116,D,100,80,54,Medium,1
117,A,150,90,35,Medium,1
118,D,100,60,45,Medium,1
119,D,200,120,56,Low,1
120,D,200,120,46,Low,1
121,C,100,60,58,Low,1
122,D,120,84,50,Medium,1
123,B,150,90,60,Low,1
124,A,200,120,56,Low,1
125,D,120,72,48,Low,1
126,A,200,160,18,Medium,1
127,A,200,180,31,Low,1
128,A,120,96,18,High,1
129,C,200,120,21,Medium,1
130,C,200,160,36,High,1
131,B,150,105,21,Medium,1
132,B,100,60,63,Low,1
133,B,150,90,42,Low,1
134,C,100,60,50,Low,1
135,D,100,80,20,High,1
136,B,100,70,49,Medium,1
137,C,150,105,29,Medium,1
138,D,200,120,49,Medium,1
139,D,100,60,19,Low,1
140,D,100,60,55,Low,1
141,D,100,70,25,Low,1
142,B,150,90,19,Medium,1
143,A,100,70,29,Low,1
144,A,150,90,48,Medium,1
145,C,100,60,24,Medium,1
146,C,100,70,34,High,1
147,C,150,90,44,High,1
148,D,100,60,27,High,1
149,B,120,72,18,Medium,1
150,A,120,84,32,High,1
151,C,150,105,34,High,1
152,C,100,60,48,Medium,1
153,A,200,160,24,Low,1
154,B,120,72,34,Medium,1
155,B,200,120,60,Low,1
156,D,120,84,33,Low,1
157,B,200,120,23,Low,1
158,C,100,60,61,High,1
159,B,120,72,23,Low,1
160,A,200,120,23,Medium,1
161,D,200,120,28,Medium,1
162,A,100,60,55,Medium,1
163,D,150,105,64,High,1
164,C,120,84,20,Low,1
165,A,100,80,63,Medium,1
166,C,200,120,45,High,1
167,D,200,120,62,High,1
168,D,120,108,43,Low,1
169,A,200,120,56,Low,1
170,B,150,120,53,Low,1
171,B,150,105,39,Medium,1
172,C,200,140,22,Low,1
173,B,150,90,39,Medium,1
174,B,100,60,27,Medium,1
175,D,200,120,21,Low,1
176,D,120,84,19,High,1
177,B,200,120,59,Medium,1
178,A,100,70,18,High,1
179,B,120,72,38,Low,1
180,B,200,120,35,Medium,1
181,A,200,120,55,High,1
182,A,150,105,21,High,1
183,B,200,120,32,High,1
184,B,120,72,55,Medium,1
185,D,100,60,46,Medium,1
186,C,100,70,20,High,1
187,A,100,60,18,Low,1
188,C,200,120,53,Medium,1
189,D,150,105,45,Low,1
190,A,120,84,46,Medium,1
191,C,100,90,49,High,1
192,A,150,90,36,Medium,1
193,A,200,160,48,Low,0
194,C,200,140,37,Medium,0
195,C,100,70,23,Medium,1
196,A,100,60,57,Low,0
197,C,120,72,63,High,0
198,B,150,90,46,Medium,1
199,B,200,120,20,Medium,1
200,B,120,72,62,Medium,0
201,D,120,72,34,Low,1
202,B,200,120,23,Medium,1
203,B,100,70,46,High,0
204,C,150,105,31,Low,1
205,D,100,60,48,High,0
206,A,120,96,42,High,0
207,C,200,140,54,Medium,0
208,C,120,84,63,Medium,1
209,D,200,140,52,Medium,0
210,C,200,140,27,Low,0
211,D,120,72,62,Low,0
212,C,100,70,30,High,0
213,B,120,72,57,High,0
214,A,120,84,30,Medium,0
215,C,100,70,35,Medium,0
216,C,150,90,38,High,1
217,C,150,90,58,High,0
218,D,120,84,51,High,0
219,B,100,60,56,Low,1
220,A,200,180,28,Medium,1
221,B,200,140,28,High,1
222,D,150,90,27,Medium,0
223,A,120,96,23,Medium,0
224,C,150,120,59,High,0
225,A,200,160,39,Low,0
226,C,150,105,54,High,1
227,D,200,140,54,Low,0
228,B,200,120,23,Low,1
229,B,100,60,25,Medium,1
230,C,150,105,31,Medium,1
231,C,100,60,38,Medium,1
232,C,150,105,42,Low,1
233,A,120,96,43,Low,0
234,A,200,140,61,High,1
235,D,120,84,57,Low,0
236,D,150,120,46,Low,1
237,C,120,72,62,Low,1
238,D,150,90,31,High,1
239,A,200,180,36,High,0
240,C,100,80,62,Medium,1
241,B,120,72,56,High,0
242,B,100,60,51,Medium,0
243,B,150,135,64,High,0
244,A,200,140,22,High,1
245,A,120,108,55,Medium,0
246,B,150,105,45,High,0
247,B,100,60,32,High,1
248,A,120,108,43,Low,0
249,C,120,72,54,Medium,0
250,B,120,84,32,High,1
251,B,200,180,37,High,0
252,C,150,90,52,High,1
253,C,120,96,28,Low,1
254,D,120,84,62,Medium,0
255,A,120,72,41,Medium,1
256,D,120,96,26,Medium,0
257,A,150,105,27,High,1
258,C,120,84,29,Medium,1
259,C,200,140,52,High,1
260,A,150,90,23,Medium,1
261,D,150,105,22,Low,1
262,B,150,105,34,Medium,0
263,D,200,160,35,High,0
264,D,100,80,51,Low,1
265,D,120,72,23,Medium,1
266,C,120,84,25,Medium,0
267,C,200,140,37,Low,0
268,A,120,72,41,Low,0
269,A,120,72,42,Medium,1
270,B,100,60,36,High,1
271,A,120,96,33,Low,1
272,B,200,140,55,Low,1
273,A,150,105,54,High,1
274,C,120,72,23,Medium,1
275,A,200,120,26,High,1
276,A,100,60,39,Low,0
277,B,200,120,25,Medium,1
278,B,100,60,42,Medium,1
279,B,120,84,31,Low,0
280,B,200,180,31,High,1
281,B,120,84,36,High,0
282,B,150,135,44,Medium,0
283,C,120,96,59,High,0
284,B,200,140,32,High,1
285,C,200,160,36,Low,1
286,C,150,120,34,Low,1
287,C,200,120,51,Medium,1
288,A,200,140,49,Medium,0
289,B,120,84,28,Low,1
290,A,120,96,41,Medium,1
291,B,120,108,20,Medium,1
292,C,200,160,42,Medium,0
293,D,150,90,39,Low,1
294,B,120,96,62,Low,0
295,A,100,60,22,Medium,1
296,D,200,160,38,Medium,1
297,B,150,90,44,High,0
298,C,150,90,47,Low,1
299,B,120,72,60,Low,1
300,A,150,120,39,Low,1
301,C,120,72,35,Low,0
302,D,150,105,27,High,1
303,C,100,70,56,Medium,0
304,C,150,90,30,Low,1
305,D,120,84,42,Medium,1
306,C,200,160,32,Low,1
307,D,150,120,25,High,0
308,A,100,60,25,Low,1
309,C,120,108,19,Low,0
310,A,120,84,26,High,0
311,C,200,180,48,Medium,1
312,A,120,84,25,High,0
313,B,150,135,33,Low,0
314,C,100,80,39,High,0
315,B,150,90,29,High,0
316,A,120,96,49,Low,1
317,D,120,84,20,Low,1
318,D,200,120,50,High,1
319,D,150,105,47,Medium,0
320,D,150,105,28,Medium,0
321,D,200,120,50,Medium,1
322,B,150,105,18,High,1
323,A,120,72,27,High,0
324,B,100,70,59,Low,1
325,B,120,84,40,High,1
326,B,120,96,64,Medium,0
327,B,200,160,60,Low,0
328,A,150,105,18,Medium,0
329,A,100,60,26,Low,1
330,D,100,90,22,High,0
331,C,150,120,23,High,1
332,B,200,120,22,Medium,0
333,B,120,72,19,Medium,0
334,A,100,80,44,Medium,0
335,D,200,140,33,High,1
336,B,120,72,38,Medium,1
337,C,120,72,32,Low,1
338,B,100,80,28,Low,1
339,C,200,140,39,High,0
340,D,200,140,20,Low,1
341,B,100,60,32,Low,1
342,C,150,120,47,Medium,1
343,C,150,105,21,Medium,1
344,C,200,140,59,High,0
345,C,150,105,51,Medium,1
346,A,120,84,63,Low,0
347,C,120,84,32,Low,0
348,B,150,90,24,Low,1
349,C,120,84,20,Low,0
350,D,150,105,55,Medium,0
351,A,150,135,24,Medium,0
352,C,100,60,39,High,1
353,D,100,70,38,Low,1
354,B,120,72,20,Medium,1
355,C,150,90,25,Medium,1
356,C,120,72,56,Low,1
357,B,200,120,40,High,1
358,B,100,70,45,Low,0
359,C,200,140,33,Medium,1
360,C,100,70,62,Medium,0
361,C,120,72,60,Medium,1
362,D,120,108,56,Medium,1
363,A,100,80,45,High,0
364,D,200,160,52,Medium,1
365,D,150,90,58,Low,1
366,C,200,140,62,Low,0
367,D,150,90,26,Low,1
368,D,150,105,53,Low,1
369,D,100,90,19,Low,0
370,A,200,140,63,Medium,1
371,D,100,60,24,High,1
372,D,120,84,18,High,0
373,D,120,72,48,Medium,1
374,D,200,180,20,High,0
375,B,100,70,29,Low,1
376,C,120,84,18,Medium,0
377,A,120,72,24,Low,1
378,D,120,72,22,High,1
379,A,120,72,43,Medium,0
380,A,150,120,19,High,0
381,C,200,120,51,High,1
382,A,200,120,21,Medium,1
383,A,150,120,47,Low,1
384,C,200,120,45,High,1
385,D,200,160,41,Medium,1
386,D,200,140,25,Low,1
387,D,150,90,30,High,0
388,A,120,72,41,Low,1
389,B,200,180,33,High,0
390,D,120,72,52,Low,1
391,B,150,90,35,Medium,1
392,B,120,84,44,Medium,1
393,C,120,84,48,High,1
394,B,150,90,38,Medium,1
395,B,120,72,37,Medium,1
396,A,120,108,19,Low,0
397,D,120,84,34,Low,1
398,B,120,72,24,High,0
399,C,120,72,56,Medium,1
400,A,120,72,36,Medium,1
401,C,120,72,24,High,1
402,A,100,60,27,Medium,1
403,A,120,108,64,Medium,0
404,C,150,90,42,Low,1
405,B,150,90,24,Medium,1
406,C,120,72,32,Low,1
407,D,200,120,64,Medium,1
408,A,200,160,53,High,0
409,B,120,72,49,Medium,1
410,B,150,105,48,High,0
411,B,100,60,57,High,0
412,A,200,180,36,Medium,1
413,C,200,140,18,High,0
414,C,100,60,35,High,1
415,C,100,60,63,Low,1
416,D,100,70,49,Medium,1
417,B,120,84,34,Low,1
418,B,120,72,49,Low,0
419,A,120,96,56,Low,1
420,B,150,90,31,Medium,1
421,A,100,90,32,High,0
422,C,120,72,40,Low,1
423,A,120,96,24,High,1
424,A,100,60,38,High,0
425,A,150,105,58,Low,0
426,C,120,72,36,Medium,1
427,C,100,70,29,Medium,0
428,D,200,140,24,High,1
429,D,200,160,36,High,1
430,A,100,70,58,High,1
431,C,200,120,31,Low,1
432,A,120,72,25,Medium,1
433,D,150,90,52,Medium,1
434,A,100,70,56,Medium,1
435,A,150,105,49,High,1
436,D,150,105,45,Low,0
437,B,120,108,41,High,0
438,C,150,105,29,High,1
439,A,200,160,24,Medium,1
440,A,120,72,32,High,0
441,D,100,70,41,High,1
442,C,100,70,20,Medium,0
443,A,120,84,49,Medium,0
444,C,100,60,55,High,1
445,C,200,120,21,Low,1
446,D,200,140,25,High,1
447,A,150,120,28,High,0
448,A,150,120,43,High,0
449,B,100,70,47,High,0
450,D,200,140,37,High,1
451,C,200,160,49,Medium,0
452,A,100,60,64,Medium,1
453,D,150,90,40,High,1
454,A,200,160,47,High,0
455,A,150,90,52,High,1
456,C,150,105,23,Low,1
457,B,150,105,24,High,1
458,B,120,72,62,Medium,1
459,C,200,120,52,Low,1
460,D,150,90,22,High,0
461,B,100,90,43,Medium,1
462,D,200,120,62,Low,1
463,A,100,80,21,High,0
464,B,200,140,47,Low,0
465,B,100,70,44,High,1
466,C,150,135,50,Medium,1
467,D,120,72,26,Medium,0
468,C,150,120,20,Medium,0
469,A,200,120,22,High,0
470,C,100,70,58,Low,1
471,C,120,72,39,Medium,1
472,C,200,120,21,Medium,1
473,A,120,96,50,Medium,1
474,B,200,120,58,High,0
475,C,200,180,46,Low,1
476,C,200,140,52,Low,0
477,B,120,72,41,High,1
478,A,100,60,22,Low,1
479,C,100,70,42,Medium,0
480,A,150,105,63,Low,1
481,C,120,72,61,High,0
482,C,120,72,22,Medium,1
483,C,200,140,61,High,1
484,C,100,80,47,Medium,1
485,C,150,120,46,High,0
486,A,120,72,38,High,0
487,C,150,90,58,Low,1
488,A,150,135,60,Medium,1
489,A,100,60,51,High,1
490,A,120,84,42,Low,1
491,A,120,72,58,Medium,1
492,B,120,96,44,Medium,1
493,B,200,120,25,Low,1
494,A,120,96,32,Low,0
495,D,120,72,55,High,0
496,D,100,70,43,Low,0
497,A,100,70,40,High,1
498,C,200,140,55,High,0
499,B,200,140,37,Low,0
500,B,120,72,20,Low,1
501,D,150,105,63,Medium,0
502,D,150,105,52,High,0
503,D,200,120,50,High,0
504,D,120,108,35,Medium,0
505,B,200,160,64,High,0
506,B,150,135,59,Low,0
507,C,200,120,44,High,1
508,D,150,120,20,Medium,1
509,A,120,72,43,Low,1
510,A,200,120,23,High,1
511,D,120,96,21,Low,1
512,A,100,90,60,Low,1
513,B,120,72,39,Low,1
514,D,100,80,27,Low,1
515,C,150,90,22,Medium,1
516,B,200,140,26,Medium,1
517,C,150,90,20,Low,1
518,A,120,72,54,High,1
519,A,150,90,47,Medium,1
520,C,150,90,22,Medium,1
521,B,100,80,30,Medium,1
522,B,150,90,36,High,1
523,D,200,160,45,Medium,1
524,C,200,120,30,High,1
525,C,200,120,44,Low,1
526,C,150,135,34,Low,1
527,C,150,90,40,High,1
528,B,200,160,20,Low,1
529,A,100,80,21,Medium,1
530,A,120,72,55,Low,1
531,A,150,105,61,Low,1
532,D,150,105,20,Low,1
533,D,150,105,33,High,1
534,A,100,80,40,Low,1
535,A,100,60,37,Low,1
536,B,120,72,63,Low,1
537,A,120,72,21,Medium,1
538,D,120,72,31,High,1
539,B,200,140,22,Low,1
540,B,120,84,20,Medium,1
541,B,200,160,42,Medium,1
542,D,100,90,27,Medium,1
543,B,100,70,40,Medium,1
544,D,100,80,24,High,1
545,A,100,60,33,Low,1
546,B,200,140,53,Medium,1
547,C,100,90,19,Low,1
548,C,150,135,24,Low,1
549,A,100,60,51,Low,1
550,A,120,72,58,High,1
551,D,200,140,20,Medium,1
552,A,200,140,36,Medium,1
553,B,150,105,48,High,1
554,D,200,160,24,High,1
555,C,120,72,23,Low,1
556,B,150,90,19,Medium,1
557,D,150,90,50,Low,1
558,B,100,60,24,High,1
559,B,150,90,18,Medium,1
560,B,200,120,26,Low,1
561,C,120,72,61,Medium,1
562,C,100,70,26,High,1
563,A,200,160,53,Medium,1
564,D,120,84,31,Medium,1
565,B,200,180,21,Low,1
566,B,120,72,24,Medium,1
567,B,150,120,18,Medium,1
568,B,200,120,33,Low,1
569,D,100,80,28,Low,1
570,A,150,120,60,Medium,1
571,A,120,72,37,High,1
572,B,150,135,63,Medium,1
573,D,200,120,32,Medium,1
574,D,120,72,56,High,1
575,C,150,90,45,High,1
576,D,100,70,63,Medium,1
577,C,200,120,23,Medium,1
578,C,200,140,42,Low,1
579,A,150,105,42,High,1
580,D,200,120,38,Medium,1
581,D,150,90,39,Medium,1
582,D,200,120,42,Medium,1
583,D,120,72,53,Medium,1
584,D,200,120,25,Low,1
585,C,120,72,50,Low,1
586,B,200,120,64,Medium,1
587,B,100,70,36,Low,1
588,C,200,140,48,Medium,1
589,A,200,120,41,High,1
590,A,200,120,55,High,1
591,C,120,84,41,Low,1
592,D,200,120,22,Low,1
593,C,120,72,55,High,1
594,D,150,90,49,Medium,1
595,C,120,72,35,Medium,1
596,A,150,105,31,Low,1
597,D,150,120,34,Low,1
598,C,150,105,33,Medium,1
599,B,150,90,59,High,1
600,A,150,90,28,Low,1
601,A,100,60,19,Medium,1
602,B,100,60,30,Low,1
603,A,150,90,26,Low,1
604,B,120,84,47,Low,1
605,C,150,90,51,High,1
606,B,150,105,30,Low,1
607,C,200,120,19,High,1
608,A,200,180,43,Medium,1
609,C,200,140,30,Low,1
610,B,150,105,52,Low,1
611,D,150,105,39,Medium,1
612,B,100,60,57,Low,1
613,C,200,120,51,High,1
614,B,120,72,52,Low,1
615,D,200,120,27,Medium,1
616,A,120,72,20,Low,1
617,B,100,70,23,High,1
618,D,100,80,51,Low,1
619,C,120,72,47,Medium,1
620,A,100,70,20,Low,1
621,D,120,96,29,Low,1
622,D,120,72,49,Medium,1
623,C,200,140,19,Low,1
624,C,100,80,21,Medium,1
625,B,100,60,33,Medium,1
626,D,100,60,26,High,1
627,D,150,90,31,High,1
628,B,150,90,33,Medium,1
629,C,200,160,47,Low,1
630,D,120,84,18,High,1
631,C,200,120,24,High,1
632,D,150,120,37,High,1
633,D,200,120,23,Low,1
634,B,100,60,43,High,1
635,D,120,84,28,Low,1
636,D,120,72,42,Low,1
637,C,120,108,40,Low,1
638,D,200,120,29,High,1
639,B,120,72,23,High,1
640,D,200,120,35,Medium,1
641,C,100,60,47,Low,1
642,B,100,60,33,Medium,1
643,C,120,96,24,Medium,1
644,B,150,90,46,Low,1
645,B,200,120,28,Low,1
646,C,120,96,27,Medium,1
647,B,150,105,50,Low,1
648,C,100,80,61,Low,1
649,D,120,72,55,Low,1
650,D,200,140,28,Low,1
651,C,100,60,37,Medium,1
652,D,200,180,56,Medium,1
653,D,200,120,19,High,1
654,A,100,70,36,Medium,1
655,A,120,72,37,High,1
656,C,200,140,36,Medium,1
657,A,150,120,37,Low,1
658,C,200,120,18,Medium,1
659,D,200,160,42,Low,1
660,C,200,140,54,Medium,1
661,A,120,72,42,Medium,1
662,A,100,60,39,Medium,1
663,C,120,84,64,Medium,1
664,B,200,120,20,Low,1
665,D,120,72,54,Low,1
666,D,200,120,29,Medium,1
667,A,200,180,61,Medium,1
668,D,200,120,53,Medium,1
669,B,120,84,44,Low,1
670,D,120,84,19,High,1
671,D,200,120,20,Low,1
672,D,150,90,22,Low,1
673,B,100,70,55,Low,1
674,B,150,120,38,Medium,1
675,B,100,60,32,Low,1
676,D,200,160,45,Medium,1
677,D,200,120,27,High,1
678,B,120,108,64,Medium,1
679,B,150,135,23,Low,1
680,D,120,96,26,Medium,1
681,B,100,60,27,Low,1
682,A,200,180,37,High,1
683,D,150,90,38,Medium,1
684,B,120,84,51,Low,1
685,B,150,105,18,High,1
686,C,100,60,60,Medium,1
687,C,120,84,21,Low,1
688,B,100,80,28,Medium,1
689,C,100,70,34,Medium,1
690,D,120,72,34,Low,1
691,B,100,60,47,Medium,1
692,D,120,72,50,Low,1
693,B,200,120,25,High,1
694,B,100,70,26,Medium,1
695,B,100,60,64,Low,1
696,B,200,120,60,High,1
697,B,200,120,62,High,1
698,A,100,80,32,Low,1
699,D,150,90,32,Medium,1
700,B,100,80,41,Low,1
701,B,200,120,26,Low,1
702,D,200,140,19,Low,1
703,B,150,90,28,Medium,1
704,D,200,140,49,Medium,1
705,D,150,105,33,High,1
706,D,150,120,63,Low,1
707,B,120,72,64,Low,1
708,A,200,140,26,Medium,1
709,C,200,140,26,Low,1
710,B,120,72,35,Medium,1
711,A,100,60,64,Medium,1
712,D,100,70,18,Medium,1
713,A,150,90,46,Low,1
714,C,100,60,59,Low,1
715,D,150,90,24,Medium,1
716,A,120,72,26,Medium,1
717,A,200,140,27,Medium,1
718,D,120,72,40,Low,1
719,A,100,60,20,High,1
720,A,200,120,19,Medium,1
721,D,120,96,59,Medium,1
722,D,150,90,63,Medium,1
723,C,150,90,32,Low,1
724,C,200,160,34,Medium,1
725,C,200,120,22,Medium,1
726,A,150,105,39,Low,1
727,A,150,90,23,High,1
728,A,150,120,25,Medium,1
729,C,100,60,25,Medium,1
730,B,200,120,19,High,1
731,C,100,60,47,High,1
732,C,120,72,22,Medium,1
733,C,150,105,64,Low,1
734,D,100,70,54,Medium,1
735,C,100,60,34,High,1
736,C,200,120,55,Low,1
737,B,100,60,18,Low,1
738,A,150,90,42,Medium,1
739,D,100,60,30,Low,1
740,B,150,90,56,High,1
741,B,100,80,63,High,1
742,C,100,80,56,High,1
743,C,100,60,34,Medium,1
744,B,100,70,54,High,1
745,D,120,96,63,High,1
746,C,150,90,61,Low,1
747,D,150,105,48,High,1
748,C,150,90,47,Medium,1
749,A,200,120,31,High,1
750,A,200,120,59,Low,1
751,D,200,140,18,Low,1
752,C,200,140,25,High,1
753,A,200,120,23,Low,1
754,D,200,120,18,High,1
755,A,120,72,35,Low,1
756,A,150,120,42,Medium,1
757,A,150,105,43,Low,1
758,D,120,72,24,Low,1
759,C,100,80,49,Low,1
760,B,200,120,57,Low,1
761,C,150,90,20,Medium,1
762,B,120,72,23,High,1
763,A,100,80,38,Low,1
764,C,100,60,33,Medium,1
765,D,120,72,22,Low,1
766,B,120,72,20,Medium,1
767,A,200,120,18,Low,1
768,A,150,105,22,High,1
769,A,100,70,19,High,1
770,D,100,60,47,High,1
771,B,120,72,35,Medium,1
772,B,100,80,31,Low,1
773,B,150,90,37,Low,1
774,A,150,90,64,Low,1
775,A,150,90,20,Medium,1
776,B,100,60,53,Low,1
777,A,150,90,31,High,1
778,A,100,60,61,Medium,1
779,D,200,120,49,High,1
780,D,120,84,45,Medium,1
781,B,120,108,61,Medium,1
782,C,100,90,21,Low,1
783,D,120,84,30,Low,1
784,A,120,72,40,Medium,1
785,C,150,90,58,High,1
786,C,120,108,19,Low,1
787,D,120,84,28,High,1
788,A,200,120,28,Medium,1
789,A,120,84,40,Medium,1
790,B,100,80,43,Low,1
791,B,120,84,21,High,1
792,B,100,60,63,High,1
793,B,100,60,32,Medium,1
794,C,200,140,20,High,1
795,C,100,80,22,Low,1
796,C,200,120,43,High,1
797,C,120,108,59,High,1
798,D,150,120,30,Low,1
799,B,120,96,51,High,1
800,A,150,135,27,Medium,1
801,D,100,70,39,High,1
802,A,150,90,46,Low,1
803,C,120,72,57,Medium,1
804,B,150,105,54,Low,1
805,B,200,140,30,Medium,1
806,C,100,80,33,Low,1
807,C,120,72,47,Medium,1
808,C,200,140,60,High,1
809,A,120,72,61,Medium,1
810,D,120,72,37,Low,1
811,B,150,90,59,Low,1
812,A,200,140,47,Low,1
813,C,100,80,32,High,1
814,B,100,60,36,High,1
815,A,120,96,46,Medium,1
816,B,200,120,25,High,1
817,D,100,60,20,Low,1
818,A,150,105,61,High,1
819,B,120,108,36,High,1
820,D,100,60,59,Low,1
821,B,120,72,63,Medium,1
822,D,200,120,56,High,1
823,C,150,120,29,Low,1
824,A,150,90,50,High,1
825,C,200,120,58,Medium,1
826,D,120,72,28,Low,1
827,D,100,60,37,High,1
828,D,200,160,38,Low,1
829,D,120,72,54,Low,1
830,C,150,90,44,Low,1
831,C,200,140,27,High,1
832,B,100,60,62,Medium,1
833,A,100,80,18,Medium,1
834,A,200,160,25,Low,1
835,B,100,90,43,Low,1
836,B,100,70,25,Low,1
837,C,200,120,49,Low,1
838,C,100,60,19,Medium,1
839,D,120,96,21,High,1
840,C,120,72,48,Low,1
841,C,100,60,28,Medium,1
842,D,100,60,35,High,1
843,A,200,120,51,Medium,1
844,B,100,60,61,Low,1
845,A,150,90,21,High,1
846,B,100,70,28,Low,1
847,B,150,105,24,Low,1
848,D,100,60,50,High,1
849,D,100,60,60,Low,1
850,D,150,105,46,Medium,1
851,C,200,140,39,Low,1
852,B,200,120,47,Medium,1
853,B,200,120,33,Low,1
854,B,150,135,31,Medium,1
855,A,120,72,40,Low,1
856,D,200,120,44,Low,1
857,D,120,84,23,Medium,1
858,D,120,72,49,Medium,1
859,D,100,90,34,Low,1
860,D,200,180,61,Medium,1
861,B,120,72,27,Low,1
862,A,100,70,34,Low,1
863,D,200,120,38,Low,1
864,B,100,90,35,High,1
865,A,150,90,36,High,1
866,C,150,105,64,Low,1
867,D,200,120,59,Medium,1
868,A,120,72,22,High,1
869,D,200,180,32,Low,1
870,A,200,120,37,Medium,1
871,A,150,120,27,Low,1
872,C,200,140,40,Medium,1
873,D,100,60,26,High,1
874,C,100,70,40,High,1
875,C,150,90,50,Medium,1
876,A,120,72,36,High,1
877,B,150,90,34,Low,1
878,D,150,90,26,Low,1
879,C,200,120,31,High,1
880,A,120,72,30,Low,1
881,D,100,60,43,Low,1
882,A,100,60,51,Low,1
883,B,100,70,39,Low,1
884,D,200,120,26,Low,1
885,B,150,120,40,Medium,1
886,A,100,60,43,Low,1
887,D,120,72,26,High,1
888,D,200,120,24,High,1
889,C,200,120,33,Low,1
890,C,100,70,19,Low,1
891,D,200,120,34,Medium,1
892,C,200,120,26,Low,1
893,A,100,60,42,Medium,1
894,B,200,120,51,Low,1
895,B,120,72,64,Low,1
896,A,200,140,58,High,1
897,D,200,160,31,Medium,1
898,A,100,70,21,High,1
899,D,100,70,23,High,1
900,B,150,135,31,Low,1
901,D,150,90,20,Medium,1
902,C,100,60,31,Low,1
903,D,150,105,35,Low,1
904,D,150,90,33,Low,1
905,A,150,105,23,High,1
906,D,120,72,63,High,1
907,B,120,84,62,High,1
908,A,200,120,32,Medium,1
909,C,150,90,20,Low,1
910,A,150,90,34,Medium,1
911,B,150,120,41,Low,1
912,B,120,72,50,Medium,1
913,A,150,105,27,Medium,1
914,A,120,72,21,Low,1
915,C,200,160,58,Low,1
916,B,200,120,27,Low,1
917,D,200,180,40,Medium,1
918,C,120,72,18,Low,1
919,A,150,90,33,Medium,1
920,B,150,135,51,Low,1
921,C,100,70,26,Low,1
922,B,120,84,19,High,1
923,D,150,90,51,High,1
924,B,150,105,26,Medium,1
925,C,150,135,47,Medium,1
926,D,150,120,28,High,1
927,A,100,70,24,High,1
928,C,150,105,32,Low,1
929,C,200,140,64,Medium,1
930,C,120,108,44,Low,1
931,B,100,60,27,Low,1
932,A,100,70,62,Low,1
933,D,100,60,18,Low,1
934,C,150,90,46,Medium,1
935,D,200,140,56,Medium,1
936,D,200,120,25,High,1
937,D,150,90,22,Low,1
938,C,150,135,25,High,1
939,B,120,72,51,High,1
940,D,150,90,54,Low,1
941,C,120,72,27,Medium,1
942,D,100,60,39,High,1
943,D,100,60,56,Low,1
944,D,150,90,40,Low,1
945,B,120,72,25,Medium,1
946,B,100,60,29,Low,1
947,B,100,80,22,High,1
948,B,150,90,50,Low,1
949,B,200,140,40,High,1
950,B,200,120,19,Medium,1
951,A,120,108,37,Medium,1
952,D,150,105,51,Medium,1
953,B,200,120,36,Low,1
954,D,200,140,34,High,1
955,D,100,80,24,Low,1
956,D,100,60,46,Medium,0
957,B,100,60,34,High,1
958,D,100,60,54,High,1
959,A,150,90,58,Medium,0
960,A,200,120,55,High,1
961,B,200,140,50,Medium,0
962,A,120,84,34,High,0
963,B,100,80,33,High,0
964,B,120,84,33,Low,1
965,A,200,160,19,High,0
966,A,200,120,28,Medium,1
967,A,150,90,45,Medium,0
968,D,150,90,19,High,1
969,C,200,140,32,High,1
970,C,100,60,48,Medium,1
971,D,100,80,21,Medium,1
972,A,200,180,38,High,0
973,C,100,70,44,Medium,0
974,A,200,120,56,Low,1
975,C,120,72,19,Medium,1
976,D,100,60,20,Medium,0
977,B,100,70,57,Low,1
978,B,100,60,54,Medium,1
979,D,200,140,43,High,0
980,B,200,140,58,Medium,0
981,D,120,84,41,Medium,0
982,A,200,120,53,Low,1
983,D,200,120,35,High,0
984,D,100,80,43,Medium,0
985,C,200,180,28,Low,0
986,C,120,96,24,Medium,1
987,D,200,120,41,High,1
988,D,100,80,61,High,0
989,B,150,90,19,Low,1
990,B,120,84,33,Medium,1
991,C,120,72,53,Medium,1
992,B,150,90,31,High,1
993,C,150,90,60,Medium,1
994,D,150,120,50,Medium,1
995,D,120,84,62,Low,1
996,C,120,96,58,High,0
997,B,120,84,26,High,1
998,A,100,80,23,Low,1
999,A,100,60,50,Medium,1
1000,C,200,120,51,Medium,1
1001,A,120,72,29,Medium,0
1002,D,100,70,38,High,0
1003,A,120,72,26,Medium,1
1004,C,120,84,50,Low,0
1005,B,200,120,18,High,1
1006,D,150,120,54,Low,1
1007,A,120,84,30,High,1
1008,B,120,84,18,Medium,1
1009,A,150,105,55,High,0
1010,D,100,60,63,Medium,0
1011,D,200,120,41,Medium,0
1012,B,200,180,60,Medium,0
1013,C,150,135,22,Medium,0
1014,A,100,70,46,High,1
1015,C,120,72,34,High,0
1016,C,100,80,22,Medium,0
1017,D,150,90,55,Medium,1
1018,D,100,60,43,Low,1
1019,D,200,120,63,Medium,1
1020,C,200,140,52,Medium,1
1021,C,100,90,32,High,0
1022,D,200,140,18,Low,0
1023,D,150,105,43,High,0
1024,B,100,70,44,Medium,0
1025,A,150,120,60,High,1
1026,C,120,84,34,Low,1
1027,C,120,96,33,Medium,0
1028,C,150,105,22,Medium,1
1029,B,100,80,37,Medium,0
1030,C,100,70,53,Low,0
1031,A,200,140,18,Low,0
1032,B,120,96,24,Low,1
1033,A,100,60,24,Low,1
1034,A,200,140,64,Low,0
1035,C,150,90,50,Medium,1
1036,C,150,135,31,Medium,0
1037,B,100,70,22,Low,1
1038,D,120,72,27,Medium,1
1039,A,150,90,48,High,1
1040,B,100,60,56,Low,1
1041,A,120,108,28,Low,0
1042,D,150,90,20,Medium,1
1043,D,100,60,50,Medium,0
1044,C,200,120,28,Low,1
1045,B,150,120,36,Low,1
1046,D,120,72,50,Low,0
1047,D,150,105,19,Medium,0
1048,D,200,140,26,Low,0
1049,D,200,160,41,Medium,0
1050,B,150,135,18,Low,0
1051,B,120,84,41,Low,0
1052,C,100,90,48,Low,0
1053,C,100,80,22,High,0
1054,D,100,80,51,Low,1
1055,C,100,70,57,High,1
1056,B,200,120,44,High,1
1057,D,150,90,43,High,0
1058,B,120,96,36,High,1
1059,B,200,140,59,High,1
1060,D,100,60,34,High,1
1061,A,150,90,31,High,0
1062,D,150,120,28,Medium,1
1063,D,150,90,63,Medium,1
1064,D,200,160,30,Medium,0
1065,C,200,120,49,Medium,0
1066,D,200,180,49,Medium,1
1067,B,200,140,38,Medium,0
1068,C,120,72,32,High,0
1069,D,200,120,63,High,1
1070,A,100,60,36,High,1
1071,A,100,90,56,Low,0
1072,A,100,60,50,High,1
1073,A,200,120,31,High,0
1074,C,150,90,64,High,0
1075,D,150,105,36,Medium,1
1076,A,100,60,25,Low,1
1077,D,150,105,26,Medium,0
1078,A,100,80,34,Low,1
1079,D,120,108,42,High,0
1080,B,200,140,49,Medium,1
1081,B,150,90,31,Low,0
1082,D,150,90,32,Low,1
1083,C,200,140,20,Low,0
1084,D,100,70,62,Medium,1
1085,C,200,160,20,High,1
1086,D,120,72,42,Low,1
1087,B,100,80,63,High,0
1088,A,200,120,60,High,1
1089,D,200,140,47,Medium,0
1090,D,200,180,35,Medium,0
1091,A,120,72,23,High,1
1092,A,120,84,49,High,0
1093,A,100,60,58,Low,1
1094,B,150,135,22,Low,0
1095,B,200,180,40,High,0
1096,A,100,90,43,Low,0
1097,D,200,180,34,Medium,0
1098,C,150,105,29,High,0
1099,C,100,80,50,High,0
1100,A,120,84,52,Low,0
1101,A,150,120,61,High,0
1102,B,120,108,44,Medium,0
1103,B,120,72,38,High,1
1104,B,120,72,33,High,1
1105,A,100,80,32,Low,0
1106,B,150,90,61,High,0
1107,B,200,120,34,Low,1
1108,D,100,60,36,High,1
1109,C,120,84,23,Medium,1
1110,D,120,72,60,High,1
1111,C,100,60,48,Medium,1
1112,B,100,70,52,High,0
1113,B,200,120,30,Low,0
1114,B,200,140,20,Low,0
1115,D,200,120,51,High,1
1116,A,200,140,32,Low,0
1117,B,150,105,55,High,1
1118,D,200,120,38,Low,1
1119,B,100,60,56,Medium,1
1120,B,150,135,36,Medium,1
1121,C,120,84,46,Medium,0
1122,C,100,80,38,High,0
1123,B,150,90,58,High,1
1124,B,200,160,40,Medium,1
1125,D,200,120,36,Medium,1
1126,B,100,80,33,High,0
1127,C,200,120,41,High,1
1128,D,200,140,36,High,0
1129,C,120,96,44,High,1
1130,C,150,120,38,Medium,0
1131,B,120,72,62,Low,1
1132,A,100,60,38,High,1
1133,B,150,120,28,High,0
1134,C,150,105,23,Low,1
1135,B,200,160,18,High,0
1136,D,200,120,42,High,1
1137,B,120,84,48,Low,1
1138,A,100,60,23,Low,0
1139,A,100,70,21,Medium,1
1140,C,200,120,32,High,1
1141,B,200,120,53,Medium,1
1142,C,150,90,50,High,1
1143,C,200,120,59,Low,0
1144,B,200,140,20,Medium,0
1145,C,200,120,29,High,0
1146,B,120,72,35,High,1
1147,C,100,70,54,Low,1
1148,C,200,160,37,Medium,1
1149,B,150,135,27,High,1
1150,A,120,72,19,Medium,1
1151,A,120,108,18,Low,1
1152,A,100,60,64,Low,1
1153,C,120,84,35,Medium,1
1154,C,200,140,64,Medium,1
1155,D,200,160,31,High,0
1156,B,120,84,26,High,1
1157,B,200,160,61,Medium,1
1158,A,200,160,35,Low,0
1159,C,150,135,21,Low,0
1160,B,150,120,47,Low,1
1161,C,150,135,37,Low,1
1162,C,100,60,22,Medium,1
1163,D,200,140,50,Medium,1
1164,D,100,70,20,Low,0
1165,C,100,80,34,High,0
1166,C,100,80,51,Low,0
1167,C,120,108,59,Medium,0
1168,A,200,140,37,Low,0
1169,D,200,160,43,Low,1
1170,C,150,135,27,Medium,0
1171,B,120,108,44,Low,1
1172,C,200,180,46,Medium,0
1173,D,150,105,61,High,1
1174,D,100,60,26,Low,1
1175,A,120,96,23,Low,1
1176,D,200,120,32,Medium,1
1177,A,200,140,53,High,0
1178,C,150,90,52,High,1
1179,B,120,96,27,Low,1
1180,A,100,70,28,High,0
1181,C,100,80,29,Low,0
1182,C,200,120,34,High,1
1183,B,200,180,64,Low,0
1184,D,150,105,24,Medium,1
1185,D,150,90,36,Medium,0
1186,D,100,80,31,Medium,0
1187,C,100,60,30,Low,1
1188,A,120,72,21,Medium,1
1189,C,120,84,28,Medium,1
1190,B,200,140,43,Medium,0
1191,B,100,60,58,Medium,1
1192,D,120,72,62,Medium,1
1193,A,120,108,48,High,0
1194,B,150,90,22,High,1
1195,D,100,80,60,Medium,0
1196,B,100,70,28,Low,1
1197,C,120,108,38,High,1
1198,A,150,90,36,High,0
1199,B,200,120,53,Medium,0
1200,C,120,96,36,High,1
1201,D,120,96,58,Low,0
1202,A,150,120,23,Medium,1
1203,C,150,120,29,Medium,0
1204,D,200,140,20,High,1
1205,D,100,80,32,High,0
1206,B,120,84,62,Medium,0
1207,A,120,84,46,High,0
1208,B,150,105,60,High,0
1209,C,120,72,24,Low,0
1210,D,100,60,33,Medium,1
1211,B,150,90,34,Medium,1
1212,B,100,80,23,Low,0
1213,B,150,105,60,Low,1
1214,B,200,120,52,High,0
1215,C,200,140,37,High,1
1216,A,100,60,64,Low,1
1217,C,120,72,36,Low,1
1218,B,100,60,42,Low,0
1219,B,200,120,31,Low,0
1220,C,120,84,26,Low,1
1221,A,120,72,63,High,1
1222,D,100,60,54,High,1
1223,A,120,72,18,High,1
1224,A,200,120,60,Low,0
1225,D,120,96,33,High,0
1226,A,120,108,29,Low,0
1227,B,100,60,51,High,0
1228,D,150,120,28,Low,0
1229,C,120,72,41,Low,1
1230,A,120,96,29,Medium,1
1231,D,150,90,29,Low,1
1232,C,200,180,42,Medium,1
1233,A,120,72,30,Low,1
1234,D,200,140,29,Medium,0
1235,A,150,105,49,Medium,0
1236,D,150,120,48,Medium,0
1237,B,150,105,50,High,0
1238,A,150,90,58,High,0
1239,D,100,80,57,Low,0
1240,D,200,120,19,Medium,1
1241,A,120,84,25,Low,1
1242,A,200,140,18,Medium,0
1243,D,150,105,34,Medium,1
1244,B,150,105,26,Medium,1
1245,A,150,90,47,Medium,1
1246,D,200,120,24,High,0
1247,C,200,140,44,Low,0
1248,A,200,140,62,High,0
1249,B,200,160,48,High,1
1250,B,150,90,62,Medium,1
1251,D,120,72,19,High,1
1252,B,150,105,59,Medium,0
1253,D,100,80,20,Low,0
1254,A,150,105,63,High,0
1255,C,120,96,32,Low,1
1256,C,200,120,64,Medium,1
1257,B,100,60,41,High,1
1258,C,200,160,21,High,1
1259,C,150,90,23,Low,1
1260,A,100,60,34,Medium,1
1261,B,200,160,61,Medium,1
1262,C,200,160,28,Medium,1
1263,D,100,60,19,Medium,1
1264,D,100,70,20,Medium,1
1265,D,200,120,55,High,1
1266,D,120,72,45,High,1
1267,A,200,120,58,Medium,1
1268,A,150,105,26,Medium,1
1269,D,120,96,22,Medium,1
1270,B,100,80,61,Low,1
1271,B,150,105,35,Medium,1
1272,A,200,120,53,Low,1
1273,D,200,160,24,High,1
1274,D,120,72,30,Low,1
1275,C,200,120,54,Low,1
1276,B,120,72,55,High,1
1277,D,200,120,58,Medium,1
1278,C,200,180,52,Medium,1
1279,A,150,90,35,Medium,1
1280,A,120,72,61,High,1
1281,A,200,160,40,High,1
1282,A,120,84,49,Low,1
1283,A,150,105,29,Medium,1
1284,A,100,90,20,Medium,1
1285,C,200,120,18,High,1
1286,D,120,72,18,Medium,1
1287,B,100,90,44,High,1
1288,D,200,140,41,Low,1
1289,D,150,105,56,Medium,1
1290,D,120,84,38,Low,1
1291,B,200,120,49,Low,1
1292,B,200,120,61,Low,1
1293,A,120,72,22,Medium,1
1294,B,150,120,59,Medium,1
1295,B,120,72,18,High,1
1296,C,120,96,54,Medium,1
1297,D,120,96,59,Low,1
1298,D,100,60,51,High,1
1299,D,150,105,51,Medium,1
1300,A,200,120,44,Low,1
1301,A,150,105,49,Medium,1
1302,A,200,120,40,Medium,1
1303,D,200,160,30,Medium,1
1304,B,120,84,61,Low,1
1305,B,120,84,19,Medium,1
1306,A,100,60,62,High,1
1307,D,100,70,44,High,1
1308,D,100,80,49,Low,1
1309,A,120,96,62,Low,1
1310,C,120,72,47,Medium,1
1311,B,100,90,25,Low,1
1312,C,200,120,57,High,1
1313,A,200,120,46,Medium,1
1314,B,120,96,57,High,1
1315,A,200,160,55,Low,1
1316,C,120,72,60,High,1
1317,B,120,84,32,Low,1
1318,B,200,120,52,Medium,1
1319,B,100,70,20,Low,1
1320,D,120,72,32,Medium,1
1321,A,100,60,48,High,1
1322,B,150,90,52,Medium,1
1323,C,100,70,21,Low,1
1324,D,200,120,23,Low,1
1325,A,150,105,56,Medium,1
1326,C,150,90,45,High,1
1327,D,100,60,36,Low,1
1328,C,120,96,54,Medium,1
1329,B,100,70,30,Medium,1
1330,B,150,90,27,High,1
1331,D,150,90,58,High,1
1332,A,150,105,55,Medium,1
1333,B,150,120,47,Medium,1
1334,D,100,70,37,Medium,1
1335,C,100,60,25,Medium,1
1336,C,100,60,27,Low,1
1337,A,120,84,59,Medium,1
1338,C,100,60,39,Low,1
1339,C,150,105,32,Low,1
1340,A,100,60,64,Low,1
1341,A,120,108,47,Medium,1
1342,B,200,140,60,Low,1
1343,D,120,96,19,Low,1
1344,D,100,80,48,Medium,1
1345,C,150,90,25,Medium,1
1346,D,120,72,24,Medium,1
1347,C,120,72,42,Medium,1
1348,D,120,84,61,High,1
1349,B,200,120,20,Medium,1
1350,A,150,105,52,Low,1
1351,D,120,84,26,Low,1
1352,C,100,70,62,Low,1
1353,B,150,90,31,High,1
1354,D,100,80,40,Low,1
1355,A,120,72,41,High,1
1356,C,200,120,26,Low,1
1357,D,120,72,54,Low,1
1358,D,120,72,56,Low,1
1359,C,120,72,32,Medium,1
1360,A,120,72,35,Medium,1
1361,C,150,90,31,Medium,1
1362,C,100,70,38,Medium,1
1363,D,150,90,46,Medium,1
1364,A,100,60,20,Low,1
1365,C,120,72,30,Medium,1
1366,C,150,105,30,High,1
1367,B,120,72,38,Medium,1
1368,A,100,60,50,Low,1
1369,B,150,105,43,Low,1
1370,B,120,72,27,Medium,1
1371,B,200,160,40,Medium,1
1372,C,150,120,28,High,1
1373,B,200,120,58,High,0
1374,B,200,160,64,Medium,1
1375,A,150,105,57,Medium,0
1376,A,120,84,37,High,0
1377,A,100,80,51,Medium,1
1378,A,200,180,49,Medium,0
1379,A,150,120,32,High,0
1380,D,100,60,47,Low,1
1381,A,100,80,36,High,0
1382,D,100,90,52,Medium,1
1383,B,120,84,21,Low,0
1384,D,200,140,43,Low,0
1385,C,200,140,53,High,0
1386,D,120,84,20,High,0
1387,C,150,90,49,Medium,0
1388,D,200,140,33,Medium,0
1389,D,150,105,23,Low,1
1390,A,120,72,34,High,0
1391,A,120,108,18,High,1
1392,A,200,160,44,Low,1
1393,A,200,140,24,Low,1
1394,B,120,84,30,Medium,1
1395,C,120,84,28,High,0
1396,B,120,108,56,Medium,0
1397,A,120,84,21,High,0
1398,A,100,60,46,High,0
1399,D,150,105,58,High,0
1400,A,120,108,44,High,0
1401,C,100,70,40,Low,0
1402,C,200,140,34,Low,1
1403,A,120,84,40,Low,0
1404,A,100,60,20,Low,1
1405,B,150,105,36,Medium,0
1406,A,200,180,36,Medium,0
1407,B,100,70,48,Low,1
1408,C,200,140,37,Low,1
1409,C,200,120,24,High,1
1410,A,100,60,55,Medium,1
1411,D,120,72,60,Low,1
1412,D,200,120,46,High,0
1413,D,120,84,18,Medium,1
1414,A,150,105,40,High,1
1415,D,200,120,42,High,0
1416,C,120,84,52,High,0
1417,A,150,120,54,High,1
1418,D,120,84,51,High,0
1419,A,150,90,49,Low,1
1420,A,200,120,37,Low,1
1421,A,120,72,64,Medium,1
1422,A,100,70,21,High,0
1423,A,150,135,32,Medium,1
1424,B,150,90,28,Medium,0
1425,A,120,96,61,High,0
1426,D,150,105,58,High,0
1427,C,120,84,27,Low,0
1428,B,100,70,63,Medium,0
1429,C,120,108,54,Low,0
1430,A,150,135,59,High,1
1431,B,100,80,56,Medium,1
1432,C,150,90,55,Medium,1
1433,B,120,84,59,Low,0
1434,A,200,120,22,Medium,1
1435,D,150,90,44,High,1
1436,D,150,90,28,High,1
1437,A,200,180,20,Low,0
1438,B,100,70,60,Low,0
1439,A,120,72,41,High,1
1440,C,150,90,60,Medium,0
1441,D,200,180,29,Low,1
1442,A,150,105,29,Medium,1
1443,A,100,60,22,High,0
1444,D,200,140,41,High,1
1445,A,120,84,60,High,1
1446,C,100,70,64,Low,1
1447,B,200,120,22,High,1
1448,A,120,72,56,Medium,1
1449,A,150,90,19,Medium,1
1450,C,120,72,41,Medium,1
1451,D,150,120,51,Low,0
1452,B,150,135,61,Low,0
1453,C,150,90,49,Low,1
1454,C,150,120,39,Low,0
1455,B,150,90,18,Medium,1
1456,C,100,70,32,Low,1
1457,D,120,84,32,High,1
1458,A,100,60,23,High,1
1459,C,100,60,52,High,0
1460,C,100,60,46,Medium,0
1461,A,200,120,23,Medium,1
1462,D,200,160,44,Medium,1
1463,C,150,90,50,High,1
1464,B,150,135,52,High,1
1465,B,150,90,56,High,1
1466,A,120,108,31,Medium,1
1467,C,100,60,18,High,0
1468,D,120,84,42,High,1
1469,D,150,135,21,Low,0
1470,A,200,120,43,Medium,1
1471,B,150,90,19,Medium,1
1472,B,120,84,30,Medium,1
1473,A,150,120,50,Low,0
1474,B,100,70,28,High,1
1475,D,100,70,54,Medium,1
1476,C,120,96,35,High,1
1477,D,100,60,45,Low,1
1478,B,200,160,51,Medium,1
1479,B,200,120,45,Low,0
1480,D,200,120,27,Medium,1
1481,B,200,140,32,Medium,1
1482,B,200,160,42,Medium,0
1483,B,150,90,25,Low,1
1484,B,100,70,47,Low,0
1485,C,200,160,44,High,1
1486,C,200,160,34,High,1
1487,B,200,120,59,Medium,1
1488,A,100,90,44,High,1
1489,C,120,96,32,High,0
1490,C,200,120,21,High,0
1491,B,120,72,25,Low,1
1492,B,150,90,34,Medium,1
1493,C,200,160,41,Medium,0
1494,A,150,105,39,High,1
1495,A,100,90,57,Medium,1
1496,A,200,180,59,High,1
1497,D,200,120,35,High,1
1498,C,100,80,56,Medium,0
1499,D,100,70,26,Low,1
1500,B,100,90,44,Low,0
1501,A,100,90,63,High,1
1502,D,120,72,39,Low,1
1503,B,100,60,42,Low,1
1504,D,200,120,35,High,0
1505,A,150,120,53,Low,1
1506,D,120,84,54,High,0
1507,D,100,60,23,High,1
1508,C,120,84,62,Low,1
1509,B,120,84,22,Low,0
1510,A,150,105,61,Medium,0
1511,C,150,120,39,Medium,1
1512,B,120,72,31,High,1
1513,D,100,60,55,Low,1
1514,A,200,120,49,High,0
1515,D,120,72,27,Medium,1
1516,C,200,140,40,Medium,0
1517,A,150,120,62,High,0
1518,C,150,105,39,Low,1
1519,C,100,90,52,Medium,1
1520,A,120,72,28,High,1
1521,B,200,180,62,High,0
1522,C,150,90,31,Medium,1
1523,D,200,140,23,Low,1
1524,A,200,120,43,Low,1
1525,A,100,90,24,High,0
1526,A,150,90,23,Medium,1
1527,C,150,90,35,Low,0
1528,C,150,120,23,Low,0
1529,C,150,120,37,Low,0
1530,B,100,80,33,Medium,0
1531,C,100,70,56,High,0
1532,B,120,96,47,Medium,1
1533,C,200,180,54,High,1
1534,D,100,90,36,High,0
1535,C,150,90,45,Medium,1
1536,B,200,140,57,Medium,0
1537,C,200,140,32,Medium,0
1538,D,150,105,36,Medium,0
1539,C,200,120,33,High,1
1540,D,200,180,53,Medium,1
1541,D,150,105,26,Medium,0
1542,D,120,96,40,High,0
1543,C,100,90,25,High,1
1544,A,100,60,18,Medium,1
1545,B,120,96,27,Medium,0
1546,C,200,120,29,Low,1
1547,D,100,70,27,High,0
1548,D,200,120,22,High,1
1549,C,200,120,33,High,0
1550,C,120,84,62,Medium,1
1551,B,200,120,25,High,1
1552,D,150,105,25,High,0
1553,A,120,84,44,Medium,0
1554,B,200,120,21,Medium,1
1555,B,100,90,18,Low,1
1556,D,150,135,52,Medium,1
1557,B,100,90,42,Medium,1
1558,D,120,96,48,Medium,0
1559,D,120,96,37,Low,1
1560,D,150,105,39,Low,0
1561,C,200,140,18,Low,0
1562,A,150,105,24,High,1
1563,A,150,105,63,High,1
1564,D,120,72,51,High,1
1565,B,200,140,31,Medium,0
1566,D,120,72,59,Low,1
1567,B,120,84,63,Medium,1
1568,C,200,140,45,Medium,1
1569,D,120,96,35,Low,0
1570,C,100,60,63,High,1
1571,B,200,180,46,Medium,1
1572,A,150,90,38,High,0
1573,A,200,120,47,Low,1
1574,B,100,70,22,High,0
1575,B,150,90,25,Low,1
1576,B,120,108,47,High,0
1577,B,200,140,36,Medium,1
1578,C,120,72,53,Medium,1
1579,D,100,70,39,High,0
1580,B,100,90,60,Medium,1
1581,D,120,84,50,Low,0
1582,D,120,96,43,High,0
1583,B,150,90,47,Low,0
1584,B,120,72,37,Medium,1
1585,B,120,72,18,Medium,1
1586,B,200,140,36,Low,1
1587,C,100,60,57,Low,1
1588,C,200,120,53,Medium,0
1589,D,120,72,40,Low,1
1590,B,120,84,39,Low,1
1591,A,150,105,51,Low,0
1592,B,120,72,20,Low,1
1593,D,200,160,53,Low,1
1594,A,100,60,24,Low,1
1595,B,120,84,31,Medium,1
1596,B,120,84,37,Medium,0
1597,B,150,105,47,Low,0
1598,D,200,140,25,High,1
1599,A,100,70,44,Low,0
1600,A,150,105,55,High,0
1601,A,100,60,56,High,1
1602,D,100,70,27,Low,1
1603,A,200,180,54,High,1
1604,A,150,120,43,Low,1
1605,D,100,60,20,High,0
1606,A,150,90,55,High,0
1607,B,200,180,27,Medium,1
1608,B,150,90,57,Medium,1
1609,B,150,90,46,Low,1
1610,C,120,96,58,Low,0
1611,D,150,105,22,High,1
1612,B,100,60,30,Medium,0
1613,C,200,180,25,Low,0
1614,C,100,70,28,Low,0
1615,D,200,120,53,Medium,1
1616,A,150,105,58,Medium,0
1617,C,120,96,21,Medium,0
1618,B,120,72,56,High,1
1619,B,200,140,63,Low,1
1620,A,120,72,36,Low,1
1621,C,150,135,36,Low,0
1622,B,200,140,19,Low,1
1623,A,150,120,37,Medium,0
1624,B,120,84,51,Medium,0
1625,B,200,140,59,Medium,1
1626,A,120,72,56,Low,1
1627,A,150,90,38,Low,1
1628,D,120,84,24,Low,0
1629,C,200,140,44,High,0
1630,C,200,160,40,Low,0
1631,A,200,140,24,Low,0
1632,C,120,72,24,Medium,1
1633,C,150,135,32,Low,0
1634,A,150,90,50,High,1
1635,A,120,96,24,High,1
1636,B,120,84,29,High,0
1637,D,120,96,53,High,1
1638,C,150,120,61,High,0
1639,C,150,90,61,Low,1
1640,D,120,72,46,Medium,1
1641,B,120,84,58,High,0
1642,B,100,70,23,Medium,1
1643,A,100,70,47,Medium,0
1644,A,150,135,48,Medium,0
1645,A,150,90,18,High,1
1646,D,120,96,18,High,0
1647,A,200,120,63,Medium,1
1648,B,100,60,33,Medium,0
1649,D,100,70,22,Medium,1
1650,D,150,90,46,High,0
1651,B,120,72,43,Medium,1
1652,D,120,96,37,Medium,0
1653,A,120,84,42,Low,1
1654,B,200,140,19,Low,1
1655,C,120,72,42,High,1
1656,B,120,84,50,Medium,1
1657,B,100,60,18,Medium,1
1658,B,200,140,29,Medium,1
1659,C,150,120,48,High,0
1660,C,150,120,33,Low,0
1661,A,120,72,61,Medium,1
1662,A,150,135,44,High,0
1663,D,100,70,19,Medium,1
1664,A,150,90,58,Medium,1
1665,D,120,72,37,Medium,1
1666,A,100,60,45,High,1
1667,A,100,80,58,High,1
1668,B,150,105,25,High,0
1669,D,100,80,40,High,0
1670,A,100,80,47,Medium,1
1671,C,200,180,19,Low,1
1672,D,200,180,39,Medium,1
1673,C,200,120,49,Medium,1
1674,C,150,105,34,Medium,1
1675,B,120,84,61,Medium,0
1676,C,200,120,62,Medium,1
1677,B,120,84,49,Low,0
1678,D,100,60,31,High,1
1679,B,150,90,40,High,1
1680,B,120,108,54,Medium,0
1681,D,100,90,26,Medium,1
1682,A,120,108,32,Low,1
1683,A,150,120,47,Low,0
1684,D,200,120,46,Low,1
1685,B,100,60,21,Medium,1
1686,C,100,60,34,High,1
1687,B,100,70,62,Low,1
1688,B,100,60,59,Medium,1
1689,B,100,60,53,Low,1
1690,C,200,120,49,Low,1
1691,A,100,60,49,High,0
1692,B,150,105,41,High,1
1693,A,200,140,53,Medium,0
1694,C,150,105,56,Low,1
1695,B,150,90,51,High,0
1696,B,150,105,54,Medium,0
1697,C,120,84,34,High,1
1698,C,150,105,45,High,1
1699,C,150,90,21,Medium,1
1700,C,150,90,41,Medium,1
1701,D,100,60,39,High,1
1702,D,100,70,26,High,1
1703,B,120,84,60,Low,0
1704,C,100,60,34,High,1
1705,D,150,90,53,Medium,1
1706,D,100,60,19,Low,0
1707,B,150,90,59,Low,1
1708,B,150,90,35,High,0
1709,C,120,84,56,Medium,1
1710,D,120,72,56,Low,1
1711,C,120,72,43,Low,0
1712,C,120,72,64,High,1
1713,B,100,60,51,High,1
1714,B,120,96,56,High,0
1715,A,100,80,38,Low,0
1716,B,200,140,33,Low,1
1717,C,150,105,19,Medium,0
1718,B,200,140,53,Medium,0
1719,B,200,140,61,Medium,1
1720,D,100,60,18,High,1
1721,D,150,105,32,Low,0
1722,A,100,70,46,Low,0
1723,C,120,108,29,Low,1
1724,D,100,70,25,Low,1
1725,D,200,140,62,Low,0
1726,A,150,105,62,High,0
1727,C,120,72,19,Low,1
1728,C,150,105,20,Medium,1
1729,C,100,80,47,Medium,0
1730,D,120,96,58,Low,1
1731,A,100,80,41,Low,0
1732,A,150,105,24,Low,1
1733,A,200,160,56,Medium,1
1734,D,100,60,34,Medium,1
1735,C,200,140,23,High,1
1736,D,100,60,37,Low,1
1737,C,150,135,62,Low,1
1738,A,200,160,64,High,0
1739,A,150,90,40,High,1
1740,D,120,72,62,Medium,1
1741,B,150,90,24,High,0
1742,C,100,70,25,High,0
1743,D,120,84,30,High,1
1744,A,150,120,50,Medium,1
1745,A,200,120,32,Low,1
1746,B,200,120,23,Low,1
1747,B,100,70,48,High,1
1748,D,120,108,57,Low,0
1749,C,120,84,30,High,0
1750,A,150,135,39,Medium,1
1751,C,200,120,33,Low,1
1752,B,200,120,42,Low,1
1753,B,150,135,58,Medium,0
1754,A,150,90,23,High,1
1755,C,200,160,23,High,0
1756,A,200,160,20,High,0
1757,A,120,96,35,High,0
1758,A,200,140,54,Medium,0
1759,D,200,140,33,Medium,0
1760,A,200,120,30,Low,0
1761,D,200,120,49,High,1
1762,D,120,84,23,High,1
1763,D,100,80,29,High,0
1764,D,120,72,47,High,1
1765,D,150,120,43,Low,1
1766,B,200,160,25,Medium,0
1767,B,200,140,50,Low,1
1768,C,100,80,34,Medium,1
1769,A,150,105,39,Low,1
1770,C,200,140,42,Medium,0
1771,D,100,60,20,High,0
1772,B,100,60,26,Medium,1
1773,A,150,90,23,Medium,0
1774,B,120,72,56,Medium,1
1775,B,100,70,24,Low,1
1776,D,100,70,41,High,1
1777,C,150,105,32,High,0
1778,C,120,72,38,Medium,1
1779,C,150,105,25,High,1
1780,C,120,72,60,High,1
1781,D,150,90,36,Low,1
1782,A,120,84,28,Low,1
1783,B,100,70,58,High,1
1784,B,120,96,63,High,1
1785,C,150,90,25,Medium,1
1786,B,200,120,21,Low,1
1787,D,200,160,45,High,0
1788,B,150,105,20,High,1
1789,A,200,180,46,Low,0
1790,B,200,180,23,Medium,0
1791,D,200,140,44,Medium,1
1792,A,120,72,40,High,1
1793,D,100,80,50,Low,1
1794,B,150,120,44,Low,0
1795,B,100,70,18,High,1
1796,A,120,84,21,Low,1
1797,D,120,84,31,High,1
1798,A,150,105,20,Medium,1
1799,C,120,72,28,High,1
1800,C,100,60,36,Low,1
1801,D,100,70,48,Medium,1
1802,C,150,120,32,Low,1
1803,B,100,80,44,High,1
1804,B,200,140,63,Medium,1
1805,B,120,84,20,Low,1
1806,C,120,72,53,Low,1
1807,C,100,70,41,Medium,0
1808,A,120,72,62,High,0
1809,A,100,80,22,High,1
1810,C,150,105,29,Medium,1
1811,A,100,60,38,Low,1
1812,B,150,120,21,Medium,0
1813,D,120,84,58,Medium,1
1814,C,120,72,31,Low,1
1815,A,120,84,21,Low,1
1816,A,200,120,23,Low,1
1817,B,200,120,43,High,1
1818,A,150,90,33,High,0
1819,A,120,72,24,Low,1
1820,D,200,140,59,High,0
1821,A,100,70,50,Medium,1
1822,C,150,90,51,Medium,1
1823,C,150,120,42,Medium,1
1824,C,120,84,51,Medium,1
1825,C,100,80,41,Medium,1
1826,D,120,96,39,Low,1
1827,A,120,72,20,Low,1
1828,A,120,96,26,High,0
1829,C,150,90,64,High,1
1830,A,150,135,40,High,0
1831,C,150,90,22,Low,1
1832,C,200,120,57,Low,1
1833,C,100,60,27,High,1
1834,A,200,140,33,Low,1
1835,A,150,105,19,Low,1
1836,B,100,90,63,High,0
1837,A,200,180,21,Medium,0
1838,B,200,160,50,Low,0
1839,C,120,84,46,High,1
1840,B,200,160,33,High,0
1841,C,100,70,31,Low,0
1842,A,120,72,47,Medium,1
1843,B,200,120,37,Medium,1
1844,C,100,80,22,Low,0
1845,A,100,80,36,Low,1
1846,C,120,72,58,Medium,1
1847,C,100,60,45,High,0
1848,A,120,84,55,Low,0
1849,A,150,90,48,High,1
1850,B,150,120,53,Low,1
1851,A,120,72,31,Medium,1
1852,D,200,120,36,Low,1
1853,A,150,90,62,Low,1
1854,C,200,120,21,Low,0
1855,C,120,96,55,Medium,1
1856,B,100,70,52,Medium,0
1857,C,100,60,62,High,1
1858,A,100,80,49,Low,1
1859,D,100,90,57,High,0
1860,B,200,160,47,Medium,0
1861,B,200,140,39,Low,0
1862,D,100,70,59,Medium,0
1863,B,200,120,29,High,1
1864,C,100,60,45,Low,1
1865,D,150,105,45,Low,0
1866,A,150,90,46,High,0
1867,A,150,105,28,Low,1
1868,D,150,90,49,Medium,1
1869,A,200,140,63,High,0
1870,C,120,84,18,Low,0
1871,A,120,84,30,Low,1
1872,D,200,140,37,Medium,0
1873,B,150,105,62,Medium,0
1874,C,200,160,29,High,0
1875,C,150,90,30,Low,1
1876,D,200,120,25,Medium,1
1877,B,150,90,63,Low,1
1878,A,100,60,21,Medium,0
1879,A,100,60,32,High,1
1880,D,100,60,64,Medium,0
1881,D,150,105,46,Low,1
1882,C,120,72,30,High,1
1883,C,100,60,39,Low,1
1884,A,200,180,33,Medium,1
1885,D,200,140,37,Medium,0
1886,C,100,90,19,High,0
1887,D,150,90,56,High,0
1888,A,100,80,42,Low,1
1889,B,100,60,43,Low,1
1890,C,150,105,44,Medium,1
1891,D,150,90,53,High,0
1892,A,100,60,18,Low,1
1893,C,100,70,33,High,1
1894,C,150,90,29,Medium,1
1895,C,120,96,31,Low,1
1896,B,100,60,52,High,1
1897,A,120,84,64,High,0
1898,D,100,70,60,Low,0
1899,C,100,60,34,High,0
1900,B,100,90,51,High,0
1901,A,100,60,44,Low,1
1902,B,100,60,22,Medium,1
1903,A,150,90,42,Medium,1
1904,A,120,72,36,High,1
1905,A,120,84,58,High,1
1906,A,120,84,50,Medium,1
1907,A,150,120,32,High,0
1908,A,150,90,25,Low,1
1909,A,200,120,42,Medium,1
1910,A,150,120,19,High,0
1911,A,150,90,54,High,1
1912,B,200,140,38,High,0
1913,C,150,90,18,Low,1
1914,B,120,72,48,Low,1
1915,D,150,120,59,Low,0
1916,D,200,120,44,Medium,1
1917,B,100,60,36,Low,1
1918,C,100,80,37,Low,1
1919,B,120,84,46,High,0
1920,C,150,120,36,Low,0
1921,D,120,84,52,High,0
1922,B,150,135,63,Medium,0
1923,D,100,60,18,High,1
1924,C,100,60,24,Medium,0
1925,C,200,140,57,High,1
1926,A,120,72,41,Medium,1
1927,A,150,90,43,High,0
1928,A,120,84,34,Low,0
1929,D,200,120,33,Medium,1
1930,C,150,90,35,High,0
1931,B,200,120,49,Low,1
1932,D,100,60,49,High,1
1933,A,120,72,46,High,1
1934,C,100,70,59,Low,1
1935,C,150,135,26,Medium,1
1936,B,120,84,23,Medium,1
1937,C,200,120,56,Medium,1
1938,C,120,72,40,High,0
1939,A,120,72,62,High,1
1940,C,120,84,30,Medium,0
1941,C,120,108,53,Medium,0
1942,D,150,90,42,Medium,0
1943,B,120,96,39,Low,1
1944,A,200,160,55,High,0
1945,A,120,72,32,High,1
1946,A,100,80,31,Medium,0
1947,B,200,140,23,High,1
1948,D,200,140,64,High,0
1949,C,200,160,23,Medium,0
1950,A,200,160,41,High,1
1951,C,200,120,53,High,0
1952,C,200,120,36,High,0
1953,D,200,160,56,Low,0
1954,C,100,70,56,Medium,0
1955,B,120,72,18,Medium,1
1956,B,120,72,23,Medium,1
1957,C,120,96,28,High,0
1958,D,100,80,21,High,0
1959,D,100,90,53,Low,0
1960,D,100,90,38,Medium,0
1961,B,120,84,26,Medium,0
1962,B,120,72,48,Medium,1
1963,D,150,90,32,Medium,1
1964,C,120,72,42,Low,1
1965,A,100,90,29,High,1
1966,C,200,120,30,High,1
1967,B,150,105,53,Low,1
1968,B,100,80,19,Low,1
1969,B,200,120,29,High,0
1970,B,120,84,55,Low,0
1971,C,100,70,53,Low,1
1972,B,120,108,56,Medium,0
1973,C,120,96,25,Medium,0
1974,D,200,140,57,High,0
1975,A,200,140,51,High,0
1976,B,150,105,33,Low,1
1977,B,150,135,50,Medium,0
1978,B,150,90,34,High,1
1979,C,200,180,47,Low,1
1980,D,150,120,42,Medium,1
1981,A,100,60,45,Medium,0
1982,A,200,120,61,Low,1
1983,D,100,60,38,Medium,1
1984,D,100,80,33,Low,1
1985,B,200,180,62,Low,0
1986,C,150,105,42,Low,0
1987,A,100,60,57,High,0
1988,C,200,120,45,High,1
1989,D,200,140,53,Low,1
1990,D,150,135,50,High,0
1991,B,200,120,34,Medium,1
1992,C,200,120,30,Medium,0
1993,A,120,72,27,High,1
1994,C,200,140,43,High,0
1995,C,150,90,61,Low,0
1996,B,100,70,61,Medium,0
1997,D,120,72,60,Medium,0
1998,A,150,90,45,Medium,1
1999,C,100,60,36,High,0
2000,A,100,80,27,Medium,1
2001,B,120,84,36,High,0
2002,A,200,180,32,High,0
2003,B,120,96,43,Low,1
2004,A,100,90,24,High,1
2005,B,200,120,61,High,0
2006,D,200,180,51,High,1
2007,C,100,80,49,High,0
2008,C,150,105,60,High,0
2009,C,150,105,50,Medium,1
2010,C,200,120,44,High,1
2011,D,200,140,24,Medium,1
2012,C,150,120,34,Low,0
2013,C,150,90,43,Medium,1
2014,C,150,90,51,High,1
2015,A,200,120,31,High,1
2016,C,120,84,56,Medium,1
2017,C,150,120,22,Medium,1
2018,C,150,90,31,Low,1
2019,C,120,72,22,Low,1
2020,C,100,70,29,High,1
2021,D,200,140,18,Medium,0
2022,A,150,105,23,High,0
2023,B,100,70,22,Low,1
2024,B,120,72,18,Low,1
2025,C,120,72,55,High,1
2026,B,100,70,19,Low,0
2027,A,100,60,38,High,1
2028,A,200,160,21,Medium,0
2029,C,120,84,24,High,1
2030,C,120,72,46,Medium,1
2031,C,100,70,33,Low,1
2032,A,150,90,43,High,1
2033,B,120,84,22,High,0
2034,D,200,120,43,High,0
2035,D,200,120,62,High,0
2036,B,100,60,31,High,1
2037,A,100,90,27,Medium,1
2038,C,200,120,27,Medium,1
2039,D,200,160,48,Medium,1
2040,D,120,72,24,High,0
2041,B,200,120,46,Low,1
2042,C,150,120,57,Medium,0
2043,C,200,120,20,High,1
2044,A,200,160,20,Medium,0
2045,D,150,105,40,Medium,0
2046,D,120,108,50,Low,0
2047,B,100,60,18,Low,1
2048,D,120,84,20,Medium,0
2049,A,100,70,59,Low,0
2050,D,100,80,53,Low,1
2051,A,120,72,32,High,1
2052,D,150,105,59,Medium,1
2053,B,150,90,52,High,0
2054,D,120,96,25,Low,0
2055,D,100,80,45,Low,1
2056,D,100,90,44,Low,0
2057,D,200,120,57,High,0
2058,B,200,120,43,Low,1
2059,C,200,160,49,High,1
2060,C,120,84,51,Medium,0
2061,B,200,180,56,Medium,0
2062,B,100,60,55,High,0
2063,B,100,60,28,High,1
2064,C,120,72,37,High,1
2065,B,100,80,23,Low,1
2066,D,200,120,36,High,1
2067,D,200,140,56,Low,1
2068,D,200,120,27,Medium,1
2069,D,100,80,30,Low,0
2070,C,150,120,26,Medium,1
2071,D,150,105,41,Low,0
2072,D,120,108,22,High,1
2073,D,100,60,44,Low,1
2074,D,100,80,20,High,0
2075,A,200,180,59,High,1
2076,C,200,140,58,Low,0
2077,B,100,60,61,Low,1
2078,C,200,180,60,Low,1
2079,D,120,108,20,Medium,1
2080,B,120,72,41,Medium,1
2081,A,100,60,52,High,1
2082,B,150,105,28,Low,0
2083,B,150,105,32,Low,0
2084,A,200,120,19,Medium,1
2085,A,150,90,43,High,0
2086,A,100,60,60,Low,1
2087,C,200,160,30,Low,1
2088,B,150,120,25,High,0
2089,C,120,72,51,High,1
2090,C,100,70,39,Low,1
2091,A,200,120,45,Medium,1
2092,C,150,105,59,High,0
2093,B,200,120,31,Medium,1
2094,D,100,80,24,Low,1
2095,C,200,180,61,Medium,1
2096,C,120,72,36,High,0
2097,C,200,120,19,High,0
2098,D,150,90,51,High,1
2099,B,100,70,53,Medium,1
2100,C,120,108,30,High,0
2101,A,150,90,20,Low,1
2102,A,200,120,64,Low,1
2103,A,150,120,53,Medium,1
2104,C,100,80,49,Medium,1
2105,C,150,105,21,Low,1
2106,D,200,140,30,Low,1
2107,B,150,90,28,High,1
2108,D,150,105,57,Medium,0
2109,C,200,140,60,High,0
2110,B,200,160,37,Medium,1
2111,B,100,60,36,Medium,0
2112,C,150,90,18,Medium,1
2113,C,100,60,51,Medium,0
2114,A,100,70,27,Medium,1
2115,A,100,70,48,High,1
2116,B,200,120,39,High,1
2117,B,200,120,42,Medium,1
2118,D,150,105,32,Medium,0
2119,B,150,120,44,High,0
2120,B,100,60,24,Low,1
2121,B,150,105,21,High,1
2122,D,120,72,41,Low,1
2123,B,100,60,32,Medium,1
2124,A,120,72,52,High,1
2125,D,200,140,24,Low,1
2126,C,150,120,35,Low,0
2127,A,100,60,39,High,0
2128,C,100,60,38,Low,0
2129,A,100,90,45,Medium,0
2130,A,150,105,26,Medium,0
2131,B,100,70,20,High,1
2132,A,120,84,19,High,1
2133,B,100,80,60,High,1
2134,C,200,160,44,High,0
2135,C,100,80,22,Low,0
2136,C,200,160,61,High,1
2137,A,100,60,33,High,1
2138,B,100,70,26,Low,1
2139,B,150,135,23,Low,0
2140,B,150,90,31,Medium,0
2141,D,100,90,59,Medium,0
2142,B,150,105,62,High,0
2143,A,120,72,43,Low,1
2144,B,200,120,27,Medium,1
2145,B,120,72,55,Low,1
2146,D,100,60,18,Low,1
2147,A,120,72,52,Medium,0
2148,D,200,120,57,Low,0
2149,D,100,80,58,High,1
2150,B,150,90,37,High,0
2151,C,200,160,46,High,0
2152,D,200,180,36,Medium,1
2153,D,120,84,19,High,1
2154,A,100,70,38,Low,0
2155,C,150,105,38,High,1
2156,C,100,60,57,Low,1
2157,D,120,108,55,Medium,0
2158,A,150,90,43,Low,1
2159,B,150,135,55,High,0
2160,C,100,70,37,Low,0
2161,D,200,140,49,High,1
2162,A,120,96,37,Low,1
2163,D,150,90,61,High,1
2164,B,200,120,40,Low,1
2165,B,100,90,20,High,0
2166,D,120,108,43,Low,1
2167,A,200,120,48,Medium,1
2168,C,120,96,55,Low,1
2169,B,120,84,43,Low,0
2170,B,100,60,24,Medium,1
2171,B,100,70,62,High,0
2172,A,100,60,29,High,0
2173,B,120,84,31,High,1
2174,A,120,96,34,Low,0
2175,B,120,72,34,Medium,1
2176,B,200,180,38,Medium,0
2177,D,150,135,55,High,1
2178,A,120,72,32,Medium,1
2179,C,200,120,40,Medium,1
2180,C,150,105,53,Low,0
2181,C,100,70,52,Low,1
2182,B,150,105,47,Low,1
2183,B,100,70,50,High,1
2184,B,150,105,63,High,1
2185,B,150,90,63,Medium,1
2186,C,100,60,26,Low,1
2187,C,100,60,40,Low,0
2188,A,100,80,42,Low,0
2189,B,200,140,48,High,1
2190,B,100,70,48,High,1
2191,A,200,140,19,High,0
2192,A,150,90,43,Low,0
2193,D,200,120,20,High,1
2194,D,200,160,62,High,0
2195,C,100,60,18,High,1
2196,A,100,70,25,Medium,1
2197,B,100,80,42,Low,0
2198,A,150,90,57,Medium,0
2199,A,200,160,39,Low,0
2200,A,150,135,44,High,0
2201,B,150,105,44,Low,0
2202,D,120,84,28,Medium,1
2203,D,150,90,27,Medium,1
2204,A,150,135,37,Low,1
2205,A,200,120,37,Medium,1
2206,B,150,90,62,Medium,1
2207,D,100,90,18,Medium,1
2208,B,120,72,59,Low,1
2209,C,120,108,34,High,0
2210,D,100,70,49,Low,0
2211,A,120,96,26,Medium,1
2212,A,120,72,58,High,1
2213,B,200,160,61,Low,1
2214,C,200,160,41,Low,1
2215,C,120,84,48,Medium,0
2216,D,150,105,62,Medium,0
2217,A,200,180,27,Low,1
2218,A,150,120,19,High,1
2219,C,150,105,19,High,0
2220,A,150,90,38,Medium,1
2221,C,150,90,18,High,1
2222,B,200,120,58,Medium,1
2223,B,100,60,42,High,0
2224,A,100,60,45,High,0
2225,B,150,90,29,High,0
2226,C,150,105,24,High,0
2227,B,150,120,24,High,0
2228,B,150,105,41,Low,0
2229,A,120,84,22,Low,1
2230,A,100,70,25,Medium,0
2231,C,200,120,20,Low,1
2232,B,100,80,29,High,1
2233,B,120,96,43,High,0
2234,B,200,120,20,High,1
2235,A,100,60,48,Low,1
2236,B,200,160,61,Medium,1
2237,D,200,140,50,Low,0
2238,D,200,140,19,Medium,0
2239,A,200,140,29,High,0
2240,C,150,105,20,High,1
2241,C,150,90,21,High,0
2242,C,120,84,57,Low,0
2243,D,150,90,24,Low,0
2244,B,150,105,37,Low,0
2245,A,150,135,31,Medium,0
2246,A,150,105,55,Low,1
2247,D,100,70,21,Medium,1
2248,A,100,70,62,High,1
2249,D,120,108,37,Low,0
2250,D,100,60,28,Low,1
2251,C,120,72,59,High,1
2252,D,200,140,48,Low,1
2253,C,100,70,30,Low,1
2254,B,120,84,54,Low,1
2255,C,120,84,38,High,0
2256,D,100,80,36,Medium,0
2257,A,100,70,44,Medium,0
2258,A,100,80,42,Low,1
2259,B,100,70,57,High,0
2260,A,120,72,20,High,0
2261,A,120,96,59,Medium,1
2262,A,100,60,28,Low,1
2263,D,100,60,42,High,0
2264,B,150,105,53,High,1
2265,D,100,80,28,High,0
2266,B,150,105,48,Low,1
2267,C,120,72,42,Medium,1
2268,B,150,90,38,High,0
2269,D,200,120,35,High,1
2270,D,120,72,35,Medium,1
2271,D,150,120,55,Low,0
2272,B,150,90,20,High,1
2273,C,120,108,38,Medium,1
2274,C,120,84,32,Low,0
2275,C,120,108,42,Low,1
2276,A,150,105,55,High,1
2277,A,100,70,49,Medium,0
2278,C,120,108,42,Low,0
2279,B,200,140,23,High,1
2280,D,100,60,51,High,0
2281,B,120,84,54,High,1
2282,B,100,60,19,High,1
2283,A,120,108,63,Medium,1
2284,A,120,96,49,Low,0
2285,B,200,140,28,Medium,0
2286,D,100,60,56,Medium,0
2287,D,120,84,39,Low,0
2288,A,150,90,62,High,0
2289,D,120,72,42,High,1
2290,D,150,120,22,Medium,0
2291,B,120,96,60,High,0
2292,B,200,160,24,Medium,0
2293,C,200,160,54,Medium,1
2294,B,200,120,35,Low,0
2295,B,100,70,60,Medium,0
2296,A,200,180,43,Medium,0
2297,B,100,70,59,Low,0
2298,D,200,140,44,Medium,0
2299,C,120,96,53,High,1
2300,A,120,96,37,High,0
2301,C,120,96,32,Low,1
2302,B,120,84,37,Medium,0
2303,B,200,120,54,Medium,1
2304,D,120,72,49,Medium,1
2305,B,120,72,32,High,1
2306,B,120,96,55,High,1
2307,C,150,90,44,Low,1
2308,C,100,80,19,Low,1
2309,A,100,80,60,High,0
2310,B,100,70,19,High,1
2311,A,120,96,21,Low,1
2312,A,150,90,38,High,0
2313,D,100,60,55,Medium,0
2314,C,120,84,24,High,0
2315,C,150,105,20,Medium,1
2316,D,120,84,26,Medium,0
2317,B,200,120,46,Medium,1
2318,A,100,60,33,Low,0
2319,A,100,70,34,Low,1
2320,C,200,120,51,Low,1
2321,C,200,120,62,High,0
2322,A,100,60,46,High,0
2323,C,200,160,18,High,0
2324,B,200,160,51,Low,0
2325,A,200,120,37,Low,1
2326,D,120,96,52,High,0
2327,D,120,72,28,High,0
2328,D,100,60,30,Low,1
2329,C,120,72,63,Low,0
2330,D,200,120,50,High,1
2331,A,200,140,23,Low,1
2332,A,120,84,26,High,0
2333,C,120,96,57,Medium,1
2334,C,150,105,36,Medium,0
2335,C,120,96,51,High,0
2336,B,150,135,61,Low,1
2337,C,150,120,25,Low,0
2338,C,150,120,49,Low,1
2339,B,100,70,60,Low,0
2340,C,150,90,38,Medium,1
2341,D,150,90,26,Low,1
2342,B,200,180,21,Medium,0
2343,A,200,120,38,Low,1
2344,C,200,180,19,High,0
2345,C,200,160,18,Low,0
2346,C,120,72,40,Medium,0
2347,D,150,90,27,Medium,1
2348,D,100,60,43,Low,1
2349,B,200,140,60,High,0
2350,C,150,120,31,Medium,0
2351,C,120,84,56,High,0
2352,C,120,72,64,Medium,1
2353,C,100,60,28,High,1
2354,C,100,80,23,Low,1
2355,B,200,120,21,High,1
2356,A,120,96,24,Medium,1
2357,D,120,84,52,Medium,1
2358,C,200,140,18,High,1
2359,D,120,72,45,High,0
2360,C,120,84,42,Low,0
2361,D,150,105,47,Medium,0
2362,C,150,90,50,High,1
2363,B,150,90,39,Medium,0
2364,C,120,108,41,Low,0
2365,C,200,160,36,High,0
2366,A,120,108,49,Low,0
2367,A,120,72,28,Low,1
2368,B,200,120,32,Medium,1
2369,D,120,96,62,Medium,0
2370,A,100,60,64,Medium,0
2371,C,100,80,49,Low,1
2372,B,150,135,39,Medium,1
2373,D,120,96,29,Low,1
2374,C,150,120,48,Low,0
2375,D,100,80,48,High,0
2376,C,120,96,59,Medium,0
2377,A,200,160,36,Medium,1
2378,C,200,160,22,High,0
2379,C,200,140,20,High,1
2380,D,100,80,51,Medium,0
2381,C,100,70,21,Low,1
2382,C,100,60,38,Medium,1
2383,D,120,108,31,High,1
2384,A,100,80,21,Medium,1
2385,B,120,108,40,Medium,0
2386,C,100,70,37,Low,0
2387,C,120,72,47,High,1
2388,C,200,180,51,High,0
2389,A,150,120,52,Medium,1
2390,A,200,140,24,High,1
2391,C,150,120,31,Medium,0
2392,A,100,80,53,High,0
2393,D,150,90,52,Medium,0
2394,D,150,135,52,Medium,1
2395,C,100,80,46,Medium,0
2396,A,120,84,37,High,0
2397,A,100,70,37,Low,1
2398,C,200,140,35,High,0
2399,C,120,84,51,High,0
2400,D,200,140,21,Medium,0
2401,B,100,60,40,Medium,1
2402,B,200,160,47,Low,1
2403,A,150,90,63,Low,1
2404,B,100,60,20,Low,1
2405,B,120,108,34,Low,1
2406,C,150,105,38,High,0
2407,A,200,120,55,Low,0
2408,D,200,160,41,Low,0
2409,B,150,90,38,Medium,0
2410,A,200,120,21,Low,1
2411,C,150,90,52,Medium,1
2412,A,100,90,56,High,0
2413,A,100,60,24,Medium,1
2414,D,150,90,22,Low,1
2415,A,200,120,60,High,0
2416,C,150,90,42,Low,0
2417,B,120,72,33,Low,1
2418,D,200,140,46,High,0
2419,C,150,105,53,High,1
2420,B,200,120,23,High,1
2421,D,120,72,23,High,1
2422,B,120,84,32,Medium,0
2423,B,100,70,43,High,0
2424,C,150,120,60,High,0
2425,D,100,80,60,Medium,1
2426,B,150,105,27,Low,0
2427,C,100,60,64,Medium,0
2428,C,200,120,61,Medium,1
2429,A,200,180,37,High,1
2430,A,100,70,57,Medium,0
2431,A,200,120,64,Medium,1
2432,B,200,140,58,Medium,1
2433,C,100,60,43,Low,0
2434,A,120,84,23,Low,0
2435,D,200,120,47,Low,1
2436,B,150,90,62,Medium,1
2437,D,100,60,25,Medium,1
2438,A,150,90,56,Low,1
2439,B,200,180,26,Low,0
2440,B,150,90,22,Medium,1
2441,C,100,70,20,Medium,1
2442,C,200,140,28,High,1
2443,A,100,60,49,Medium,1
2444,A,200,160,50,High,0
2445,B,100,60,62,Medium,1
2446,A,200,120,28,High,0
2447,A,150,135,49,High,0
2448,D,200,120,24,Low,1
2449,C,200,120,23,Medium,1
2450,B,150,105,20,Medium,1
2451,B,120,72,34,Medium,1
2452,B,100,70,24,Low,1
2453,D,100,60,45,High,0
2454,A,120,72,64,Low,1
2455,A,150,90,58,Low,1
2456,D,100,80,20,High,0
2457,D,120,96,34,Medium,1
2458,D,200,180,38,High,1
2459,D,200,160,27,High,1
2460,D,120,72,23,Low,1
2461,C,120,72,35,High,1
2462,C,150,90,49,Low,1
2463,D,150,120,28,High,0
2464,D,200,140,47,Medium,0
2465,B,120,108,33,Low,1
2466,A,150,90,45,Low,1
2467,A,150,105,61,High,0
2468,D,120,72,24,High,1
2469,B,200,120,48,High,0
2470,C,150,135,41,Low,0
2471,C,200,180,32,Low,0
2472,C,200,180,45,High,0
2473,C,200,120,46,High,1
2474,C,120,84,47,High,0
2475,D,200,120,40,Low,0
2476,A,150,90,23,Low,1
2477,D,100,60,23,Medium,1
2478,B,120,84,37,Low,1
2479,B,100,60,21,High,1
2480,D,200,140,46,High,1
2481,C,120,96,25,Medium,1
2482,D,150,90,44,Medium,1
2483,B,100,60,22,Medium,1
2484,B,150,135,57,High,1
2485,B,200,140,57,Low,1
2486,C,200,160,26,Low,1
2487,B,150,90,24,Medium,1
2488,B,100,60,38,Low,1
2489,A,200,160,48,High,1
2490,B,150,120,54,Low,0
2491,C,120,84,45,High,1
2492,D,100,90,58,Low,0
2493,B,120,96,53,Medium,0
2494,B,100,70,42,High,0
2495,D,200,120,49,High,1
2496,D,100,80,58,Medium,1
2497,C,120,84,47,Low,0
2498,B,150,120,48,Medium,0
2499,D,200,180,24,High,0
2500,B,120,72,61,Medium,0
2501,D,200,120,32,Low,1
2502,A,120,72,64,High,1
2503,C,200,160,39,High,0
2504,D,120,72,20,High,1
2505,B,150,90,29,Medium,0
2506,D,100,80,24,Medium,0
2507,C,120,72,28,Medium,1
2508,A,100,70,26,Medium,1
2509,C,150,90,18,Low,1
2510,D,100,60,23,High,0
2511,A,120,84,18,Medium,1
2512,A,150,105,49,Low,1
2513,B,120,84,39,Low,1
2514,C,100,60,18,Medium,1
2515,B,100,70,60,Low,1
2516,D,120,72,24,Medium,1
2517,C,200,120,39,Medium,1
2518,A,150,90,19,Low,1
2519,A,120,84,45,High,1
2520,C,150,90,33,Medium,1
2521,C,100,70,30,High,1
2522,B,120,72,22,Low,1
2523,A,150,90,37,High,1
2524,A,100,80,37,High,1
2525,D,100,60,38,High,1
2526,C,150,105,21,Low,1
2527,A,150,90,22,Low,1
2528,A,100,60,18,High,1
2529,C,120,108,46,Low,1
2530,B,100,60,46,Low,1
2531,A,120,72,60,Medium,1
2532,C,100,60,28,Medium,1
2533,A,120,96,33,Medium,1
2534,C,100,60,38,Medium,1
2535,C,200,120,25,High,1
2536,B,200,160,21,Low,1
2537,D,150,90,57,Medium,1
2538,D,100,60,48,High,1
2539,A,200,120,24,Medium,1
2540,B,150,90,34,Low,1
2541,D,100,60,63,Low,1
2542,C,150,105,23,Medium,1
2543,C,200,160,22,Medium,1
2544,D,150,105,37,High,1
2545,A,100,60,64,High,1
2546,B,150,90,47,Low,1
2547,D,150,90,21,Medium,1
2548,C,150,105,59,High,1
2549,C,200,120,29,Medium,1
2550,B,200,120,61,Low,1
2551,D,150,90,36,Medium,1
2552,A,200,160,22,Low,1
2553,A,100,60,18,Medium,1
2554,B,150,90,45,High,1
2555,D,150,90,48,Low,1
2556,C,100,70,47,Low,1
2557,C,200,120,18,High,1
2558,B,100,60,27,Medium,1
2559,A,120,96,48,Medium,1
2560,A,150,90,60,Low,1
2561,C,150,105,48,Low,0
2562,C,150,90,49,High,0
2563,A,150,90,34,High,0
2564,B,120,84,40,Medium,0
